tx,type,reserveA,reserveB,ratio,tvl,slippage,volume,fees,lpSupply
1,withdraw,800,1600,2,2400,0,0,0,800
2,swap,880,1454.9422569791761,1.6533434738399728,2334.942256979176,-1,80,0.24,800
3,swap,800.2182413385468,1600.4364826770936,2,2400.6547240156406,0,225.4942256979176,0.6764826770937529,800
4,swap,880.2400654724015,1455.3391676612655,1.6533434738399728,2335.579233133667,0,305.5160498317723,0.9165481494953169,800
5,swap,800.4365422136962,1600.8730844273923,2,2401.3096266410885,0,451.0499665978989,1.3531498997936966,800
6,swap,727.8680933106266,1760.9603928701315,2.41934,2488.828486180758,0,611.1372750406381,1.8334118251219143,800
7,swap,800.6549026416892,1601.3098052833784,2,2401.9647079250676,0,683.9240843717007,2.0517722531151024,800
8,swap,728.0666569443387,1761.4407858117165,2.4193400000000005,2489.5074427560553,0,844.0550649000386,2.532165194700116,800
9,withdraw,728.0666569443387,1761.4407858117165,2.4193400000000005,2489.5074427560553,0,844.0550649000386,2.532165194700116,800
10,swap,668.4661793910425,1920.4795213389764,2.8729643780759253,2588.945700730019,0,1020.1991434812103,3.060597430443631,800
11,swap,735.3127973301467,1746.3667557870112,2.3749984525332737,2481.679553117158,0,1087.0457614203146,3.261137284260944,800
12,swap,808.8440770631614,1588.0392432363474,1.9633440959379616,2396.883320299509,0,1160.5770411533292,3.481731123459988,800
13,deposit,808.8440770631614,1588.0392432363474,1.9633440959379616,2396.883320299509,0,1160.5770411533292,3.481731123459988,800
14,swap,735.5133918915717,1746.8431675599822,2.374998452533274,2482.356559451554,0,1319.3809654769639,3.9581428964308922,800
15,swap,668.8309465232078,1921.5274843159805,2.8729643780759258,2590.3584308391883,0,1494.065282232962,4.482195846698887,800
16,swap,735.7140411755287,1747.319709298882,2.3749984525332737,2483.0337504744107,0,1560.9483768852829,4.682845130655849,800
17,swap,809.2854452930815,1588.9058009446956,1.9633440959379616,2398.191246237777,0,1634.5197810028358,4.903559343008507,800
18,swap,735.914745196946,1747.7963810391652,2.3749984525332737,2483.7111262361113,0,1793.4103610973054,5.380231083291916,800
19,swap,669.1959127006875,1922.5760191430818,2.8729643780759258,2591.7719318437694,0,1968.189999201222,5.904569997603666,800
20,swap,608.5258822412362,2114.83362105739,3.4753388192271046,2723.359503298626,0,2160.4476011155302,6.481342803346591,800
21,swap,553.3562628364429,2326.316983163129,4.2040131094544515,2879.673245999572,0,2371.9309632212694,7.115792889663807,800
22,swap,534.9812716893014,2408.8923948160727,4.5027602316050315,2943.873666505374,0,2604.5626615375822,7.813687984612746,800
23,deposit,534.9812716893014,2408.8923948160727,4.5027602316050315,2943.873666505374,0,2604.5626615375822,7.813687984612746,800
24,swap,486.47928679576364,2649.7816342976794,5.446853969365658,3136.260921093443,0,2845.4519010191893,8.536355703057568,800
25,swap,442.37454469015523,2914.7597977274477,6.588895841122555,3357.134342417603,0,3110.430064448957,9.331290193346872,800
26,withdraw,442.37454469015523,2914.7597977274477,6.588895841122555,3357.134342417603,0,3110.430064448957,9.331290193346872,800
27,deposit,442.37454469015523,2914.7597977274477,6.588895841122555,3357.134342417603,0,3110.430064448957,9.331290193346872,800
28,withdraw,442.37454469015523,2914.7597977274477,6.588895841122555,3357.134342417603,0,3110.430064448957,9.331290193346872,800
29,swap,442.0294844739952,2920.628370911048,6.607315741361751,3362.657855385043,0,3401.906044221702,10.205718132665107,800
30,swap,486.23243292139466,2655.8410211067094,5.462081180290287,3142.073454028104,-1,3446.1089926691016,10.338326978007306,800
31,swap,442.1500708569562,2921.4251232173806,6.607315741361751,3363.5751940743367,0,3711.6930947797723,11.13507928433932,800
32,swap,486.3650779426518,2656.565538980977,5.462081180290288,3142.930616923629,-1,3755.908101865468,11.267724305596406,800
33,swap,535.001585736917,2415.7184131863023,4.515348136508541,2950.7199989232195,-1,3804.544609659733,11.413633828979203,800
34,swap,501.6435965514548,2579.5015656239625,5.142100055411306,3081.145162175417,0,4046.116450978363,12.138349352935093,800
35,deposit,501.6435965514548,2579.5015656239625,5.142100055411306,3081.145162175417,0,4046.116450978363,12.138349352935093,800
36,swap,551.8079562066004,2345.641143606404,4.250828784223223,2897.4490998130045,-1,4096.280810633509,12.288842431900528,800
37,swap,606.9887518272603,2132.982762213698,3.5140400144032857,2739.9715140409585,-1,4151.461606254169,12.45438481876251,800
38,swap,667.6876270099864,1939.604221345547,2.9049575623130983,2607.2918483555336,0,4212.160481436895,12.636481444310688,800
39,swap,607.1543393743624,2133.564643480102,3.5140400144032857,2740.7189828544642,0,4406.120903571449,13.218362710714352,800
40,swap,552.1090655400222,2346.921107828112,4.250828784223223,2899.030173368134,0,4619.4773679194595,13.858432103758382,800
41,withdraw,552.1090655400222,2346.921107828112,4.250828784223223,2899.030173368134,0,4619.4773679194595,13.858432103758382,800
42,swap,607.3199720940245,2134.1466834846888,3.5140400144032853,2741.4666555787135,-1,4674.688274473462,14.024064823420389,800
43,withdraw,607.3199720940245,2134.1466834846888,3.5140400144032853,2741.4666555787135,0,4674.688274473462,14.024064823420389,800
44,swap,668.0519693034269,1940.6626202461475,2.904957562313098,2608.714589549574,0,4735.420271682865,14.206260815048596,800
45,swap,607.4856499985696,2134.7288822707624,3.5140400144032853,2742.214532269332,0,4929.48653370748,14.78845960112244,800
46,swap,668.2342149984264,1941.1920362560356,2.9049575623130983,2609.426251254462,0,4990.235098707337,14.970705296122011,800
47,swap,607.6513731003241,2135.3112398816393,3.5140400144032857,2742.9626129819635,0,5184.35430233294,15.553062906998822,800
48,swap,668.4165104103565,1941.721596691497,2.9049575623130983,2610.1381071018536,0,5245.119439642973,15.735358318928919,800
49,swap,607.8171414116182,2135.893756360647,3.5140400144032853,2743.710897772265,0,5439.291599312122,16.31787479793637,800
50,swap,552.7117772225319,2349.4831319967116,4.250828784223223,2902.1949092192435,0,5652.880974948187,16.958642924844565,800
51,swap,502.60232538195123,2584.431445196383,5.142100055411306,3087.033770578334,0,5887.829288147858,17.663487864443578,800
52,deposit,502.60232538195123,2584.431445196383,5.142100055411306,3087.033770578334,0,5887.829288147858,17.663487864443578,800
53,swap,552.8625579201464,2350.124074926237,4.250828784223223,2902.986632846383,-1,5938.089520686053,17.814268562058164,800
54,deposit,552.8625579201464,2350.124074926237,4.250828784223223,2902.986632846383,0,5938.089520686053,17.814268562058164,800
55,swap,608.148813712161,2137.059266096423,3.5140400144032857,2745.208079808584,-1,5993.375776478068,17.980127329434207,800
56,swap,553.0133797509876,2350.7651927060656,4.250828784223223,2903.778572457053,0,6207.08170308771,18.621245109263135,800
57,swap,608.3147177260863,2137.642259439907,3.5140400144032857,2745.956977165993,-1,6262.383041062809,18.78714912318843,800
58,swap,553.1642427262766,2351.4064853838977,4.250828784223223,2904.570728110174,0,6476.1472670068,19.428441801020405,800
59,swap,503.013769870216,2586.5471339222872,5.142100055411305,3089.5609037925033,0,6711.287915545189,20.133863746635573,800
60,swap,457.40999351661,2845.2018473145163,6.220244174029395,3302.6118408311263,0,6969.942628937418,20.90982788681226,800
61,swap,415.9407052074293,3129.722032045968,7.524442769998137,3545.662737253397,0,7254.46281366887,21.763388441006615,800
62,swap,475.221884503213,2742.747692377333,5.771509650159617,3217.969576880546,-1,7296.056884189613,21.888170652568842,800
63,swap,432.13775075312634,3017.022461615066,6.981622078508583,3449.1602123681923,0,7570.331653427346,22.710994960282044,800
64,withdraw,345.71020060250106,2413.6179692920527,6.9816220785085825,2759.328169894554,0,7570.331653427346,22.710994960282044,640
65,withdraw,345.71020060250106,2413.6179692920527,6.9816220785085825,2759.328169894554,0,7570.331653427346,22.710994960282044,640
66,swap,314.3677372033291,2654.9797662212577,8.445458779709478,2969.3475034245866,0,7811.693450356552,23.435080351069658,640
67,withdraw,270.8195764816064,1975.4669362797445,7.294402280456689,2246.286512761351,0,7811.693450356552,23.435080351069658,512
68,swap,246.26677865018314,2173.013629907719,8.823819606600043,2419.280408557902,0,8009.240143984526,24.027720431953583,512
69,swap,223.9399642176804,2390.314992898491,10.673909863515874,2614.254957116171,0,8226.541506975298,24.6796245209259,512
70,withdraw,223.9399642176804,2390.314992898491,10.673909863515874,2614.254957116171,0,8226.541506975298,24.6796245209259,512
71,swap,262.1287334011923,2045.9006388806483,7.804946113058747,2308.0293722818406,-1,8248.935503397066,24.746806510191202,512
72,swap,238.36385687113966,2250.490702768713,9.441409164583774,2488.8545596398526,0,8453.52556728513,25.360576701855397,512
73,deposit,238.36385687113966,2250.490702768713,9.441409164583774,2488.8545596398526,0,8453.52556728513,25.360576701855397,512
74,deposit,238.36385687113966,2250.490702768713,9.441409164583774,2488.8545596398526,0,8453.52556728513,25.360576701855397,512
75,swap,262.20024255825365,2046.4587639981023,7.8049461130587465,2308.659006556356,-1,8477.361952972245,25.43208585891674,512